{
  "url" : "https://robmakesamobileapp.mxapps.io",
  "identifier" : "io.mxapps.robmakesamobileapp",
  "version" : "0.0.1",
  "name" : "Rob Makes A Mobile App",
  "description" : null,
  "iosEnabled" : false,
  "androidEnabled" : true,
  "requirePin" : false,
  "enableOffline" : false,
  "permissions" : {
    "calendar" : true,
    "camera" : true,
    "photoLibrary" : true,
    "contacts" : true,
    "microphone" : true,
    "geoLocation" : true,
    "push" : true
  },
  "theme" : {
    "background" : "#0595DB",
    "text" : "#ffffff",
    "button" : "#76CA02",
    "buttonCaption" : "#ffffff"
  }
}